Actual,Random_Forest,XGBoost
857811.17,1026519.2130000001,979701.8
1580732.73,1462221.6994,1.4040319e+06
435790.74,514351.1303999998,533928.9
506973.17,527394.4676,526020.06
339407.94,316133.1928999998,398036.84
1231752.54,1243583.0753000004,1.2365676e+06
788633.42,792906.1683999996,842487.06
312698.67,394044.9582999999,626938.9
1171834.47,1197278.3559000005,1.1990681e+06
1407842.91,1384515.3316999993,1.351197e+06
428784.7,446151.8977000002,439769.78
520493.83,596791.3437999997,577325.6
1290684.95,1428655.9250999999,1.4834655e+06
1650405.21,1737061.6227000004,1.7262995e+06
889670.29,926976.4289000006,932474.1
658691.56,688288.8223000005,707758.3
987353.65,1016325.5262999998,1.03169606e+06
1847344.45,1804805.7506999988,1.8295888e+06
1521577.87,1639383.0932999987,1.5557975e+06
661566.48,730201.4454000002,772620.44
525200.59,587560.5482999996,581694.1
462909.41,520565.2880000001,482536.75
1407036.59,1324471.2510000006,1.2641199e+06
1121405.91,1263818.2448,1.1388769e+06
261837.2,402701.5823000001,627512.44
977628.78,1043085.5950999999,1.1113385e+06
794660.24,788028.7846000002,850813.56
1180797.2,1317744.3949000007,1.3770851e+06
323915.32,345883.63410000014,368861.06
401615.8,542425.6002999998,662768.8
1433391.04,1484144.8738999998,1.4642936e+06
896979.93,933544.3525,1.0132409e+06
1220815.33,1265539.7733999998,1.2073636e+06
552529.23,619541.3666000002,686043.06
638144.98,645249.4283000003,661193.56
323233.8,359637.6650999998,441671.1
523483.19,521173.4782000001,518144.66
1639999.47,1599760.1811,1.595409e+06
923600.02,939692.4004000004,996151.5
330063.06,342154.22339999996,355131.2
542819.03,657278.1675,733821.4
1777166.53,1840998.2910999996,1.8860161e+06
1315356.99,1204134.5566,1.2975641e+06
1006486.96,942875.8401999995,1.0733751e+06
1955689.12,2109503.287,1.9432951e+06
1875686.44,1598320.3792999994,1.751323e+06
534780.57,542262.1468000006,590811.5
436221.26,876932.6875999996,554497.6
1119979.98,919053.3134000003,924297.75
1025813.8,1006770.4152999994,1.0270623e+06
1255087.26,1218397.5878999992,1.3886399e+06
1884427.84,2035542.4125,2.0467801e+06
734858.91,776626.4267000001,742405.3
1000342.87,1022646.2253999996,1.0859042e+06
1287899.41,1396589.8450999993,1.4159192e+06
1208654.4,1264780.5842000002,1.2804338e+06
1456073.24,1358907.9479000003,1.2405554e+06
776661.74,802318.3753999999,798586.1
872288.46,920903.3277000008,839207.3
457340.06,1005725.2040000006,579962.56
434822.13,417725.66539999977,444914.9
2144336.89,1999509.2301999994,2.1128348e+06
324839.74,349008.15729999996,351030.5
1170456.16,1507269.9008,1.5219426e+06
497250.22,561268.0905999993,576480.06
433744.83,473202.62480000005,468879.75
1311352.25,1346569.2203999995,1.2736471e+06
1126962.44,1228101.2787000004,1.1471722e+06
249798.75,392832.97899999993,624646.94
940299.87,1002079.7498999999,1.1081079e+06
721212.45,794976.2789000002,849372.94
528807.45,540022.6770000001,479477.06
1565498.84,1667071.9745000005,1.6538109e+06
419964.77,537497.5410999997,649887.7
1456997.2,1436695.1494999996,1.4575144e+06
875372.91,1090385.3967000002,1.0439532e+06
1248950.65,1282363.8459,1.2491034e+06
526625.49,626680.6432999999,656946.75
593138.59,649985.8450000003,660007.25
330338.36,356930.47209999984,461947.94
308389.82,320252.3790999999,394506.7
911969.0,961766.2298000003,928860.7
655157.32,714282.4726000003,614076.94
1194334.65,1245647.5020000006,1.2167344e+06
467827.75,720036.7494,661736.44
394616.11,426071.2075999999,480524.2
1764133.09,1714961.9261999994,1.8206155e+06
879448.25,836129.7465000005,625296.3
550414.99,591593.5857,599557.9
1712987.56,1950637.5779999988,1.9186212e+06
1236238.29,1224589.1317,1.3004518e+06
1970121.65,2018996.3386999997,1.8389471e+06
1456221.1,1097915.1445,1.2123384e+06
1784029.95,1609678.2588999995,1.7485824e+06
398445.15,543436.5587000005,608262.94
925916.65,939816.1229999998,952046.25
961186.23,1055496.9631000003,1.1399141e+06
1285897.24,1247729.6441000002,1.357653e+06
1886503.93,2034099.6683000005,2.0859972e+06
674829.58,746146.5514999996,728121.56
922539.94,1116792.5037,1.0755345e+06
1277758.76,1288069.2185999993,1.3026638e+06
527402.62,602838.3685,575200.56
2064065.66,2199496.3347999984,2.042003e+06
1004252.38,1046875.4133999995,1.0668296e+06
711571.88,778929.2876000004,799971.2
1468928.37,1699552.5463999987,1.7033384e+06
696421.72,710411.2838999998,716675.44
946573.29,991898.9811000008,999567.44
1669388.45,1716618.6803999997,1.7112036e+06
1450628.85,1487367.1468000005,1.4855295e+06
504963.84,562197.6640999997,568321.56
454477.54,436527.1290000001,499123.72
1391257.28,1434134.5785999997,1.3708629e+06
1187384.53,1266660.9149000002,1.1451344e+06
270497.51,415338.3617999999,620345.06
991104.4,1034808.8794000003,1.1081212e+06
2196968.33,2061760.7902999988,1.9079828e+06
312467.52,429234.54799999984,374626.16
535311.64,594936.8548999999,644390.44
491755.69,569204.0715999998,706695.2
1512227.34,1608227.6195000003,1.4439494e+06
993311.59,1036755.3738,982807.9
1359770.73,1345419.8006000004,1.2614145e+06
609274.89,619375.2743000002,650657.75
637964.2,656297.3995000003,661547.4
326053.28,351753.2477999998,438156.6
1306551.71,1224497.9857999997,1.2136492e+06
772036.6,792444.3804000003,842953.5
1317379.68,1254613.5762000002,1.3229698e+06
697645.32,729802.3308000002,818232.94
439913.57,476490.9260999999,428863.53
1923957.09,1794433.9408999993,1.9345621e+06
782300.68,794416.5346000002,786594.4
360932.69,479858.14479999983,525826.25
1543461.12,1617754.2246000008,1.5979491e+06
465198.89,564690.7502,573274.2
937232.09,832197.9897999996,895268.8
586289.08,590422.819,632980.4
1005083.31,1048854.7189999996,1.02484325e+06
1821364.42,1914689.556099999,1.8440588e+06
1073433.69,970877.1714999994,1.0649869e+06
1995994.51,2085487.3212999993,1.9504718e+06
1949354.29,1664654.5164000005,1.8158251e+06
577868.38,555835.4274000004,597649.4
426959.62,497785.10740000027,624052.4
930121.14,906048.7814000002,887640.56
1050027.89,1017860.0876999996,1.0115897e+06
1405007.44,1230773.099499999,1.3886399e+06
2163510.89,2055234.8759,2.0887775e+06
1370251.22,1223426.9303000001,1.3967698e+06
1684519.99,1830269.5689999992,1.7724474e+06
1611096.05,1829799.2132999992,1.7641324e+06
1321914.34,1566527.4179999991,1.4859588e+06
1917520.99,2067578.3093999985,1.9944312e+06
1674306.31,1589523.7440000006,1.8481632e+06
1264575.18,1482755.1412999996,1.5999641e+06
529707.87,852579.4590999999,741427.9
436070.45,486510.2633000001,558532.4
1392938.06,1350996.9727999996,1.3753806e+06
1187051.07,1267591.2104000004,1.150831e+06
295841.84,413353.2901999998,636212.94
802383.63,869785.8961999998,923690.06
1062548.73,1051349.7160000005,1.03047994e+06
330518.34,342135.1302000002,355228.1
429914.6,535095.7599999998,660648.3
1470792.41,1493821.9633,1.4647688e+06
967729.35,959273.9314000004,1.0072167e+06
1353285.1,1312824.2664,1.2373002e+06
643603.69,621227.4443000003,646023.9
640159.04,649867.1547000003,658493.06
341381.08,346689.41069999983,438784.9
770487.37,810253.3847999999,772124.7
527983.04,517679.52900000045,480528.06
739866.16,684908.6814000001,700402.56
949625.52,1004573.4530000006,1.0051784e+06
997868.63,1042349.5471000001,1.04000075e+06
1355391.79,1224867.8113000002,1.2878509e+06
2127661.17,2166552.3471999997,2.0218585e+06
333870.52,375837.3176000002,342050.7
1517075.67,1391328.4901000008,1.3430205e+06
460397.41,586419.3585,639164.2
920128.89,878231.6367999995,901415.1
592572.3,608444.3341000001,608299.3
1792345.3,1854654.8476999998,1.9162278e+06
1300147.07,1279425.2729,1.3177941e+06
1041995.22,1007398.2974999995,1.053861e+06
431985.36,451923.4303999997,545168.5
1987531.05,1494336.1314,1.6084671e+06
579539.95,579394.5667000002,695882.2
479855.0,513692.93489999993,597972.25
944100.3,904250.0975,877301.9
1060433.1,1033912.6619,1.0237913e+06
1442873.22,1223108.162099999,1.4131816e+06
2168097.11,2050238.7812999988,2.0223754e+06
649945.54,814404.8123999998,760439.9
2080764.17,2090498.4440000006,2.0277399e+06
2039222.26,2041034.1125000003,2.190661e+06
2131900.55,2091824.4788000002,2.0969592e+06
1932233.17,1861966.1170000008,1.8887289e+06
600050.98,661365.9993,723468.25
1366937.1,1593520.9146000005,1.6333056e+06
968816.33,941830.9048000001,960290.4
1047444.59,1087270.1403,1.2435054e+06
1020486.05,1170661.4322999995,1.2114786e+06
493506.47,556133.4623,534487.5
1352442.31,1257282.2334000003,1.3543615e+06
1513635.64,1559164.2640999989,1.2145515e+06
571463.93,603021.1036,711234.44
913922.01,935546.745100001,895225.7
468428.3,554431.9149000002,527909.94
336189.66,374399.48079999996,423570.5
2207214.81,2001695.6755999997,2.0690918e+06
418112.76,386434.43419999996,387015.84
2000940.67,1897317.0869999987,1.914686e+06
1595901.87,1715226.4283999996,1.7126028e+06
1795152.73,1917985.2252000005,1.8830885e+06
986612.02,1107613.8479000002,1.078454e+06
700554.16,848998.0426000004,849623.94
1298809.8,1269046.5523999995,1.2969282e+06
800842.28,773167.4026000004,779144.5
334042.43,348938.4167999997,368877.6
648541.81,636137.1843000002,653291.94
590636.38,615270.1369000002,627010.4
1331514.44,1319859.5754999996,1.264027e+06
896295.41,994526.3302000002,1.0160536e+06
1522978.54,1491499.3647999996,1.4080485e+06
412314.71,500841.8126999997,381875.1
534847.96,524895.2326000001,527339.75
324801.13,319833.01199999976,399087.84
819196.68,810727.2314999998,884854.2
1332952.47,1262202.6609999998,1.2461841e+06
276899.95,391169.9358,396847.03
998672.85,1012874.7252000002,933472.9
978082.84,1001820.3656000006,1.0214609e+06
1707158.82,1675936.4437999995,1.7131926e+06
1213310.45,1423652.3339999998,1.4477152e+06
717207.19,683909.1728999999,733795.56
460945.14,460801.20989999996,513146.1
1441473.82,1417847.1357,1.3714912e+06
1177539.71,1319196.7338999999,1.1661901e+06
543706.04,555008.9880999996,524391.8
1015737.61,1027228.2596000006,1.0115245e+06
1151214.41,1538244.1507000008,1.523195e+06
549665.67,589156.8408999996,539635.5
449355.91,469331.87030000036,486034.5
1397094.26,1349876.2954000002,1.3566264e+06
1232784.22,1268210.0381999996,1.1612622e+06
261851.74,406412.5109000001,403159.56
822167.17,821616.0599000003,931646.5
991054.49,1004427.9474000001,1.0242037e+06
540625.79,530787.9247000001,497180.2
422810.12,530695.9524,469026.22
1596036.66,1440468.841,1.4995862e+06
1818906.73,1757140.9037000004,1.6827584e+06
1424500.47,1285841.2378999994,1.2452125e+06
535764.58,672057.3375999996,679797.44
597406.39,669546.3645000003,703383.4
343268.29,348780.66279999993,378956.7
817741.17,818167.0498000004,782877.2
306098.17,332260.35990000004,362368.53
1067310.74,1030155.9714000009,987061.75
722891.24,717715.8363000002,668475.3
1407897.57,1264803.6233999997,1.2992281e+06
341994.48,347076.54849999986,353887.66
1603793.42,1536989.8700000003,1.5132261e+06
2154137.67,2229003.888599999,2.1271228e+06
532739.77,588917.0302000002,552104.4
895157.44,1023272.7077000001,935409.9
547226.0,632469.5403999999,789229.7
1830939.1,1826503.8455999987,1.9191549e+06
1297335.87,1250741.2787000001,1.3273876e+06
991514.21,991769.2563999996,1.0536056e+06
2043349.41,2083538.4810000015,1.9352116e+06
1555444.55,1695701.0839999982,1.6234696e+06
693780.42,631883.8457000001,689173.1
518045.09,516497.93779999984,557542.4
984881.59,908514.5527999998,913893.44
1088446.58,1009590.0731000002,1.04247044e+06
1485540.28,1252842.1533,1.4328845e+06
2114989.0,2104285.5955999987,2.160752e+06
1047297.38,1103715.3359000003,1.0628464e+06
1552934.64,1507113.3973000003,1.5597171e+06
783371.02,781301.3704,845173.9
2030869.61,1549281.1607999997,1.7590076e+06
413701.29,401883.96129999985,403405.84
1912791.09,1911595.3152999997,1.9623714e+06
1767471.48,1939549.8803999992,1.827383e+06
1118313.7,1138961.0071999996,1.0658728e+06
938914.28,919836.5475000006,976209.4
663971.26,655083.9613999996,734531.2
2049485.49,1567211.3013000006,1.692678e+06
2035431.39,2059056.1693000002,2.0120558e+06
981345.2,1052658.6726,1.0709084e+06
1361595.33,1292566.1768999998,1.3992398e+06
583648.59,648372.1265999998,842990.44
921161.2,961810.9026000004,977919.75
598495.02,579830.3638000002,576587.25
1681121.38,1605925.2058999992,1.5847448e+06
359867.8,353571.55449999997,355094.56
2179360.94,2182100.472499999,2.141602e+06
432268.53,399406.8915999997,420022.53
1910092.37,1894943.0358999996,2.0611279e+06
1624477.58,1666676.720099999,1.6671228e+06
837144.63,810677.2698000004,847699.06
323410.94,318791.8558999998,377877.75
605078.62,648149.6639999999,660750.9
1450733.29,1163656.2379,1.2830121e+06
2143126.59,1743055.7340999998,1.7013348e+06
532311.93,578035.2305000001,669811.94
1102857.37,1034433.8331000003,1.078959e+06
521953.78,602423.7795000003,622663.75
1374891.36,1308293.8268,1.3130878e+06
1037464.27,1096614.7158999997,1.0508426e+06
1640476.77,1471308.1658,1.4148508e+06
435579.7,459039.39429999975,395169.03
531811.85,570982.2026999999,552686.4
306005.53,327360.8495999998,404960.4
695439.83,727870.3679000001,763200.56
977062.44,992463.0308000005,959211.2
261131.09,282367.6049,283581.84
1157557.79,1221707.4726000004,1.1620766e+06
932195.52,814073.5517999998,855037.94
427021.18,436520.7886999999,439471.0
1476144.34,1259237.8320000004,1.4213049e+06
1404516.29,1443478.8872,1.3242454e+06
694765.95,703659.6806000002,743158.8
1015853.03,1016667.6764999997,1.040184e+06
1467722.19,1264245.9394,1.3213826e+06
1245480.95,1369462.4695000006,1.5430562e+06
576252.35,552562.9003999996,560747.44
1900638.6,1588319.594700001,1.7610582e+06
1110479.94,1021334.6197999998,1.0540906e+06
1414343.53,1177972.8471000001,1.3146428e+06
987990.24,916095.9485000005,908505.0
1390122.11,1368852.7099000001,1.539064e+06
603618.89,609311.6630000002,686328.0
611390.67,608662.8400000001,718218.06
2099615.88,1497950.4104999998,1.5365266e+06
2182437.9,2058135.3911999997,1.9017051e+06
1086231.47,1047830.9533999998,1.09652e+06
1840491.41,2040898.9664999999,2.0068601e+06
643032.51,712783.0933999999,715729.06
928820.0,984945.2106000005,989986.9
642963.75,636585.4343000001,720038.7
1696619.52,1628872.552499999,1.5560674e+06
341704.59,355367.5496,347124.25
2245257.18,2195290.4796999986,2.2060708e+06
446336.8,404623.2579999999,434187.34
2010216.49,1892415.1265999991,2.0715605e+06
1697230.96,1733426.6192999994,1.7521411e+06
2231962.13,1985960.1201999993,2.0855039e+06
582525.42,837681.8154,920910.06
707895.72,956730.7972000001,853614.4
1061134.37,1123268.7408,1.0853026e+06
1568048.54,1241673.4241999998,1.3892788e+06
642671.48,588091.8086000001,588728.25
795133.0,801150.2216000003,797573.06
340238.38,311519.73119999963,293007.6
1079386.88,967535.3212999996,1.0499885e+06
1623442.24,1529711.3747999996,1.5122424e+06
448110.25,444326.8531999996,402252.5
1436383.84,1365526.6643000003,1.3399339e+06
338273.38,412238.3321999998,401570.78
873415.01,835516.4476999996,877430.56
999511.29,985432.8869000012,1.00777575e+06
528940.78,528758.2485,494251.7
1246322.44,1240076.1074000006,1.2178544e+06
1443285.79,1450678.5829000003,1.3293259e+06
437222.94,444044.93140000006,442109.25
554093.15,571797.5146999995,568523.2
1440687.69,1489910.4499000004,1.5222515e+06
1764756.31,1778149.5812000013,1.7391571e+06
1106176.83,1065639.0335000004,1.02728094e+06
730254.19,724580.7787,794057.5
286082.76,375071.43329999986,523714.34
1406313.13,1222101.7221000001,1.2787209e+06
2152229.11,1906871.5997000004,1.6921524e+06
1905733.68,1606459.6042000002,1.5866641e+06
1440263.15,1495331.9644999993,1.7381831e+06
570045.79,628338.8936,554949.25
964169.67,939191.3563000002,887388.44
1057425.83,1036739.0229000002,1.1722694e+06
636737.65,626816.3257999999,649002.9
1019555.51,1109216.7201000003,1.1250856e+06
1962924.3,1793022.5584999993,1.7824958e+06
1811562.88,1937610.8972000002,1.7838264e+06
564606.1,686408.2924000002,671968.44
916918.7,940558.2161,991657.06
666942.02,599677.1955000001,722018.3
1642247.48,1619654.7113999992,1.5396658e+06
327383.64,356830.83559999993,350072.62
2234190.93,2175373.7939999993,2.2101305e+06
442074.79,401199.3559999998,415703.25
2165160.29,1994504.4675000005,2.1072102e+06
1417875.42,1213620.8184999998,1.4177704e+06
727049.04,752379.4576999998,824579.06
1431003.43,1281549.2282000002,1.2744278e+06
1543667.68,1492874.0747000002,1.4841441e+06
821498.18,790941.7598000003,820580.2
338400.82,319126.9993999997,388367.12
634815.1,638021.9087999999,655811.94
1630607.0,1539607.877599999,1.4582595e+06
606309.13,596867.6548,541240.5
1384584.59,1345701.1299,1.2749509e+06
977950.28,1082540.1563,1.0606144e+06
1587499.82,1569194.2674999996,1.4200016e+06
430222.07,469213.0301999998,391741.75
508573.16,564425.9287999998,583714.6
333146.88,326385.0247999997,401541.16
848289.41,840528.1360999997,893249.8
982345.51,994367.8712000011,954355.4
1234759.54,1224028.2557000003,1.1708394e+06
438523.24,446101.13540000014,481614.7
552338.76,612793.3960999997,567165.25
1229760.97,1341634.5571000008,1.4879238e+06
1773500.56,1713529.4224999996,1.7247516e+06
1029248.22,1027837.9913000001,989166.1
753860.89,727299.3348000001,745562.56
1364445.98,1349929.8174000008,1.3657429e+06
1061219.19,1063536.2083000005,1.0733754e+06
290444.31,254979.2366,302246.94
336241.0,304800.1259,291733.5
822569.16,820849.7511000003,785569.0
735870.0,723905.7050000003,639392.4
2060588.69,1845917.5598000002,1.8921215e+06
1468350.36,1394984.0757999998,1.3724982e+06
1080357.89,1078830.5161,1.1278144e+06
981210.57,932188.9968000002,911461.1
581745.72,581159.5033000001,619557.5
687085.6,619703.1003999999,660447.44
1660228.88,1430887.1586000004,1.5749366e+06
1112449.3,1059493.5971,1.0620656e+06
2094373.0,2042722.0439999995,1.8526954e+06
1355680.3,1218257.1694999996,1.4275652e+06
1755334.18,1973144.2586999994,1.9433308e+06
562173.12,627363.0705000003,725976.8
899449.65,972123.3847000003,910213.75
687344.68,618324.6548000001,720959.1
1618272.25,1582781.1075999993,1.5396658e+06
325041.68,346122.7454999999,352055.78
2197299.65,2186002.3942,2.147667e+06
981386.25,1042892.1119999996,1.0311991e+06
419497.95,474094.2981,542995.9
1522042.57,1487288.3159000003,1.6431978e+06
721601.9,720401.1291999999,709906.25
613270.79,648557.8922000004,645930.44
540031.29,581935.0619999998,558239.06
1386407.17,1319675.2543999997,1.2771771e+06
1033552.18,1068767.1754000003,1.01962206e+06
1532316.79,1509297.171099999,1.4493134e+06
405938.35,457429.83389999985,381896.3
484032.75,521182.4173999998,548349.25
306411.01,321578.5104999997,409482.6
1434709.63,1234227.2576999997,1.2477261e+06
911696.0,798888.2286999999,853374.4
261666.29,253982.7595000001,287517.53
1196880.11,1219520.4442000005,1.2267784e+06
1394065.76,1419127.2184999997,1.3604069e+06
428554.63,444424.9041,441471.97
581854.5,573392.9377999995,565547.44
1180671.55,1432203.6437999993,1.504214e+06
1837884.79,1756507.531700001,1.7537275e+06
1056282.91,1066190.5575000006,997070.5
1000285.1,887647.1381000003,1.02964094e+06
1887733.21,1901130.2139999995,1.9037752e+06
1527845.81,1637133.7771999992,1.5959112e+06
773367.71,809134.0074000004,835048.4
2055952.61,1950421.5711999994,2.2133245e+06
1379652.65,1439270.3400000005,1.4899896e+06
1097006.3,1069110.4365000003,1.1640272e+06
982322.24,921532.9064000006,926827.3
570162.28,575491.9749999999,630888.25
624099.48,632300.4900000001,674077.5
1591835.02,1373169.4941999996,1.5377624e+06
2037663.71,1983012.9892,1.8986435e+06
716341.39,777005.2468999998,748105.4
943124.74,1022941.3768000001,1.0975201e+06
1707481.9,1946734.2099,1.8697699e+06
544770.7,601771.8262,643606.94
878298.22,929571.5437000004,895822.56
704335.41,611486.8088,590353.44
1648863.46,1564576.7099999995,1.5196304e+06
329658.1,352741.7551999999,344326.66
2128362.92,2191800.317599999,2.1466038e+06
422965.33,399192.6371999998,415703.25
1297028.6,1223430.0163999996,1.3649528e+06
1053881.78,982169.3412,1.0868259e+06
1428869.9,1247133.4129999995,1.3329089e+06
718890.81,707777.6783000001,728177.8
338386.08,313713.0595999998,302418.25
593128.13,630005.4283000003,655811.94
507403.77,573315.6846,546866.4
1355600.01,1335894.5593999994,1.2651699e+06
988764.84,1001065.2943000002,1.0469516e+06
1492388.98,1478621.5230999992,1.4163299e+06
404634.36,463443.15399999975,408292.16
508309.81,514739.1282999999,539250.06
291530.43,324786.31919999974,399162.62
892133.41,813826.4590999999,867167.1
942970.63,974377.4017000006,949333.5
244338.31,249535.8566,269312.78
1178211.81,1238657.9677000002,1.1091168e+06
1349202.25,1375212.5998999998,1.3580285e+06
423192.4,444498.6623,440835.97
555954.13,565166.344,586951.75
1129031.98,1328436.9688000006,1.47677e+06
1842555.32,1748661.7077000004,1.7553285e+06
1051190.44,1065726.7446000006,997070.5
1881046.12,1862301.1669,1.8762229e+06
1540421.49,1781335.9261999996,1.7287765e+06
1451782.16,1537311.3197000006,1.4953909e+06
273690.37,918429.4398000005,783749.44
753385.55,764062.7676000003,834606.6
1180470.8,1067658.194000001,1.0476022e+06
1500863.54,1367556.0192,1.4967031e+06
578832.41,554358.7954999997,559558.3
440553.42,455474.25289999996,472899.28
1458059.42,1434760.6942999994,1.4368649e+06
1214183.97,1319757.5194,1.1701949e+06
1007867.68,440038.1033999997,954993.4
985479.64,863655.9102000003,970932.5
306578.89,420266.38580000005,460240.38
519498.32,512391.43899999984,526626.3
471086.22,482580.9364999998,414737.84
1659221.99,1507740.0686999997,1.4483401e+06
1182901.56,1127858.0325000002,1.01882644e+06
1456300.89,1346846.7544999996,1.2600052e+06
618702.09,590168.9723999996,612581.6
645618.59,670826.7170000001,718748.5
358461.58,304697.0808999999,297880.53
843361.1,814974.1791000001,777479.6
1645097.75,1248175.5192999998,1.2886678e+06
1545370.16,1265120.0342999997,1.3628152e+06
2062224.92,1590239.8259000003,1.8547845e+06
693013.59,828112.2717999998,889939.7
1769854.16,1758127.8218999987,1.7190634e+06
2041507.4,1868420.4666999993,1.8510095e+06
411206.5,432064.04389999993,430223.12
2224499.28,2197768.4536,2.284048e+06
341214.43,421142.4862999998,480451.8
1876359.39,1603851.5305000008,1.5866691e+06
805642.61,1280344.6588999995,912574.75
1097786.14,1126826.2842999997,1.0777674e+06
578790.36,663245.8735,785225.94
1805999.79,1940262.6143999996,1.9468524e+06
1461129.94,904908.1196999997,1.1584622e+06
936205.5,906656.5984000005,837462.6
2358055.3,2049540.9628999985,2.1559275e+06
2184980.35,2032287.494500001,1.9996645e+06
1862128.95,1652519.2886,1.7782125e+06
678024.75,798255.7454999997,893715.56
641763.53,602461.9158999999,599743.06
1046782.52,1001078.2031000006,930066.9
1158247.31,940495.1187,1.0555172e+06
1557120.44,1264582.1542000002,1.4729276e+06
1014898.78,1152927.2198999994,1.113253e+06
287033.64,323026.9884000001,505891.06
1141184.66,1225651.5097,1.2613482e+06
1374301.34,1443341.1562,1.3460105e+06
417640.34,444575.55159999995,413408.34
1063149.78,1058476.5418000007,1.0536899e+06
1179915.04,1454498.2548999998,1.4928224e+06
1755889.53,1804208.4911000011,1.736875e+06
954677.75,647107.6589000002,1.0299067e+06
514709.76,573171.5977999995,565105.94
825763.48,847598.9830000005,971369.8
1384921.63,1232582.2470999998,1.3557854e+06
506005.47,515343.93150000006,489882.6
416036.75,484864.45459999994,414213.78
1471261.76,1455317.3385999992,1.498324e+06
979848.71,1017488.1305000001,1.04658256e+06
1332594.07,1327513.6395000003,1.2674638e+06
628099.08,588703.8995999998,575538.75
627634.04,656590.1677999999,656427.7
336479.49,306084.38099999976,276524.6
749817.08,804367.3628,754263.75
714093.95,703277.0652000003,657897.56
298337.41,334827.7296000001,354292.75
1405475.78,1249007.7058,1.2366511e+06
1320239.51,1048530.2678000003,1.0618945e+06
971361.38,1046262.0387999997,1.0668274e+06
1527014.04,1701029.2629999998,1.7019894e+06
416913.1,391239.0252999998,417999.66
2100252.61,2238312.3427999984,2.2219352e+06
316203.64,381891.0326000002,467585.22
1588142.26,1547888.0162999996,1.4965878e+06
694150.89,640769.0682000002,611454.94
890488.01,898783.8349999998,937288.8
536537.64,578986.0346000001,637914.7
1765571.91,1877338.670899999,1.8719925e+06
1830075.13,1672953.2673999998,1.7232115e+06
2002750.99,2040757.7063,1.9594832e+06
1544422.35,1709442.3896000003,1.838748e+06
591335.5,653595.6629999998,689159.4
569005.06,543530.5849000001,628312.75
960746.04,906334.3610000004,909607.1
1024784.92,1023469.6908999999,1.0149936e+06
1321741.35,1230353.0251999996,1.3864339e+06
2134680.12,2018212.7389999994,2.0687762e+06
960312.75,1280709.1288999992,1.00495675e+06
668132.36,860941.9976,845224.94
691200.33,739453.0170999999,857916.25
506705.36,563383.6364999997,501994.62
1149427.48,1278474.8704000001,1.4431666e+06
1730913.66,1768287.8560999995,1.7391895e+06
991969.37,1072796.5487000004,1.02613744e+06
685676.58,708045.4886,727342.4
1394299.0,1308317.8505999998,1.329442e+06
427491.04,463659.31120000005,465708.62
1049625.9,1032789.9396000004,1.022463e+06
1392395.2,1433576.7409,1.3527165e+06
303289.55,345728.5952,363241.7
253205.89,253287.9766,315028.12
950929.59,355895.67190000013,921939.6
841224.74,792231.7316999998,836739.75
503744.56,523979.41339999996,479058.44
441683.74,474103.52729999996,419908.0
1582168.27,1477695.73,1.4434219e+06
968502.38,1050005.6891000003,1.0409873e+06
1347175.93,1346991.4771000005,1.2490198e+06
1167829.33,1322695.9531000007,1.1852691e+06
1970170.29,1987602.7341000012,2.0048312e+06
1381339.23,1459330.4690000007,1.4090678e+06
1033543.56,1058916.3475000004,1.0964988e+06
530318.39,557808.5583999996,583235.44
737613.65,770981.5684000002,757802.44
337819.16,304962.41829999984,280327.12
1497954.76,1519825.5990000002,1.413326e+06
1819666.46,1782136.7641999987,1.7557905e+06
432424.85,387924.8291999998,387863.22
2175563.69,2215871.4732999997,2.295194e+06
321205.12,383394.7275,462347.06
1574361.97,1605209.3559,1.5138088e+06
1317672.92,1396166.4405,1.4436351e+06
686345.69,613931.1170000001,651826.6
513991.57,672619.2967000002,821114.1
1869967.03,1946159.774600001,1.8719925e+06
1344483.81,1097189.0514999998,1.2381506e+06
941550.34,1084010.6402,1.0772828e+06
2053089.32,2109551.8433999997,2.0161659e+06
1553250.16,1664257.849100001,1.6615092e+06
592369.22,654394.8006000003,708080.94
565297.54,556968.3562000002,624188.56
944698.7,911450.322900001,913493.0
888834.07,832573.2630999999,695360.44
596554.05,645308.8386999998,638355.44
1439123.71,1538820.1199999996,1.6086778e+06
389427.9,389417.13119999977,387677.62
1322932.36,1215104.5127999997,1.3519412e+06
925731.21,1052823.2855,1.0608711e+06
677789.14,686687.2729000001,717709.5
1911559.1,1884867.4688000001,1.8389638e+06
1248915.43,1205490.2408999994,1.2841364e+06
924506.26,970752.6060999995,1.0674998e+06
907493.24,923165.1964000006,863149.94
539337.87,561395.2671999998,512430.0
571190.83,592089.9246999997,621604.9
1479514.66,1312669.6698000003,1.3312022e+06
1914430.53,1895502.4431999994,1.6733236e+06
916967.92,1129967.2719999992,1.04079275e+06
1272395.02,923385.5065000003,1.1695972e+06
1817603.66,1937411.9456999993,1.9107026e+06
495951.0,611850.8486999997,628143.1
838227.52,899703.4797999999,991318.5
686365.4,594865.5998000001,571935.44
1513229.16,1521746.1215999997,1.4777021e+06
306827.36,338591.0542,377598.72
1307339.14,1259194.2844999996,1.2967668e+06
1757923.88,1772817.9633999988,1.7960694e+06
659109.53,698305.5288999998,700521.8
1625883.71,1641559.8484999998,1.8065101e+06
711671.58,765344.5163000003,794480.8
319855.26,309711.36719999986,283181.1
572447.52,630746.6903000001,650072.7
516352.21,582452.0021999995,539078.56
1344723.97,1336606.6618999995,1.2546038e+06
954396.85,1000168.4261000004,1.0387797e+06
1487797.54,1461785.0898999998,1.4104396e+06
407186.47,498286.02069999976,391571.88
1031745.14,1098025.823500001,1.0755766e+06
514489.17,574020.0414,502173.3
808030.15,805390.1471,865418.3
917883.79,351878.2385000001,904803.44
249134.32,249209.43680000002,268660.06
1144901.52,1253882.6705,1.1014521e+06
1303732.36,1355815.5143000002,1.334834e+06
424581.17,440859.3019000002,424144.44
475158.24,549774.2551999999,496667.0
1135035.09,1304482.7616999994,1.4580775e+06
279643.43,343579.4780000001,349521.1
2048613.65,2017002.9861999992,2.0617086e+06
725729.51,781132.463,798833.7
614378.94,667769.2964,658401.8
1946104.64,1722532.2405999997,1.81688e+06
709724.6,696393.0439999999,705159.0
1090915.09,1041977.7612,1.0332077e+06
1705810.84,1685646.2875000008,1.827259e+06
1376520.1,1367405.7262000004,1.4609952e+06
504754.74,556775.6562999997,543790.8
425136.55,504997.4301999999,485228.84
1390174.63,1366712.4768999997,1.3506279e+06
1183571.35,1262249.3087000004,1.1478312e+06
1440374.13,1251015.4917999995,1.3013359e+06
258533.12,277216.87990000006,346384.38
866216.36,828571.8039,925377.0
304989.97,347559.24919999985,365125.72
521959.28,518400.78369999997,519020.16
469311.17,469952.9648,412680.94
1608277.74,1483057.6022000003,1.425897e+06
1068346.76,1073095.9838000005,1.0279535e+06
1439607.35,1365580.9052,1.2638158e+06
573084.71,579420.901,561305.06
973250.41,501865.97649999993,983901.25
342385.38,307122.92459999985,288738.34
1416926.31,1243303.6102999994,1.3043596e+06
958667.23,966818.2606999996,1.00429475e+06
419990.29,393308.1600999998,365028.1
2174514.13,2212748.706099999,2.2477425e+06
324195.17,383905.81620000006,435024.97
1627274.93,1635829.5861000004,1.5168864e+06
680954.81,791114.6065999994,965290.5
897076.73,919677.9774999998,925475.4
533887.54,586589.3196000003,636431.2
1939440.09,1909503.6409999998,1.8783588e+06
1399341.07,1129132.4919000005,1.2630789e+06
1631135.79,1666378.2748999991,1.662714e+06
2044148.23,2072052.2969000002,2.0644085e+06
1656886.46,1710393.630200001,1.7886929e+06
590739.62,654254.5839000002,681119.3
584000.71,550321.1476000003,565103.7
877813.33,917560.9703000003,904938.2
1052066.58,1018812.1705999996,1.0172807e+06
1342123.78,1242575.6518999995,1.4231208e+06
2094515.71,2005421.7643999993,2.0710634e+06
693785.85,843224.1941,785970.4
1007257.83,1022620.5358000009,1.0591366e+06
733037.32,787866.5742000001,796063.8
888368.8,1128010.9287999996,869532.1
333594.81,308543.60529999976,285011.25
2144245.39,1822960.6529000006,1.9288594e+06
1408907.89,1236967.8169999993,1.2918679e+06
967304.07,998593.6475999994,1.0729481e+06
849074.04,929002.5066000004,901755.4
554036.84,552137.5173999998,496443.9
590453.63,600017.9943000001,623891.94
1648570.03,1415563.4482000002,1.362684e+06
984689.9,988610.496799999,1.00484506e+06
1388973.65,1139853.1691000003,1.2141054e+06
1880436.94,1933156.6185999995,1.8970895e+06
538713.47,590479.3743000001,700729.4
930745.69,945936.745000001,984680.56
675926.3,594630.8565000001,707451.25
1588380.73,1562224.056899999,1.4845432e+06
306759.7,367589.0401,380742.16
2193367.69,2163354.9764999994,2.1687402e+06
391811.6,398745.1256999997,399496.2
1866719.96,1795458.9983999997,1.8021136e+06
1592409.97,1643107.9654999985,1.6325752e+06
700272.01,752432.7879000001,849208.56
973812.79,1005092.7133000004,1.0546704e+06
2041019.92,2035295.9961999997,1.8503269e+06
1497054.81,1368508.6598000005,1.2741824e+06
1436311.76,1515163.0454000002,1.5609036e+06
576620.31,571130.4059999998,652828.25
1504545.94,1474622.023,1.3087465e+06
1007906.43,1100941.4519000005,1.0810454e+06
1641867.92,1544266.8602999998,1.4636036e+06
436690.13,499375.4783999997,353575.53
500964.59,586006.3017999998,540290.1
298947.51,341693.98179999995,396507.12
1004523.59,361133.1911000002,933567.25
643558.78,648957.6032000002,639871.0
1227469.2,1254190.6463000006,1.0765221e+06
297753.49,264092.30629999994,270738.3
710496.97,686545.5221000001,708163.56
1720537.26,1737746.2883000004,1.740771e+06
1269113.41,1390114.9659,1.4818968e+06
1121476.51,1072350.9405999999,1.0660858e+06
430878.28,486922.69860000006,506210.8
1386472.59,1438839.492499999,1.4430722e+06
518628.42,573764.1614999998,517583.3
579738.2,582326.5377000001,627011.25
751963.81,713596.4518999996,796148.7
2045061.22,1800911.7074000007,1.8893864e+06
1375101.26,1225175.3859999997,1.2845558e+06
1048134.24,1036071.2571999999,1.1001336e+06
844928.17,934037.8684000007,891520.56
981273.26,1069373.4690999999,1.0795611e+06
521896.6,551363.6307999998,477879.94
1660433.3,1404504.5005999997,1.5555938e+06
535153.47,613742.9082,556078.6
1005003.12,1182396.7375000003,1.1163414e+06
1421307.2,1140159.4769000004,1.2141054e+06
1827797.4,1898508.3401999995,1.960275e+06
896613.19,883327.7283,895336.25
642450.4,794379.3041999997,1.00040244e+06
2283540.3,2178788.4451,2.0606574e+06
1543049.52,1093809.7254000003,1.0151625e+06
314014.18,386073.30860000005,554734.25
1510131.45,1498101.7968000006,1.572247e+06
2095769.18,2087644.658899999,1.8803765e+06
1397970.54,1349482.1202000005,1.3009702e+06
327389.51,554774.3369999998,630435.5
1068292.56,1182222.3677,1.1973762e+06
394918.83,405603.6804999996,349404.6
1597868.05,1534224.7378999998,1.4772455e+06
640210.85,676645.8320000002,671725.4
575997.78,585107.0810999998,559042.25
1560590.05,1371097.6681000001,1.2668036e+06
969387.48,1078162.6609000005,1.024914e+06
1720221.91,1470413.6454999999,1.3855055e+06
411866.46,499524.5253999997,301545.03
509633.71,622609.6193999999,547633.94
314607.22,328812.74309999985,397220.72
887979.47,842177.3006999994,883449.7
1013820.86,365223.2305000001,904764.56
270097.76,256233.3944,271262.7
1261306.37,1247974.5855,1.112844e+06
1410181.7,1444459.0165999997,1.3002005e+06
423351.15,432098.2625,431853.5
416881.66,547808.7925999997,576728.9
1184198.41,1313760.4458000003,1.4818365e+06
1735339.59,1730526.8757000004,1.6872341e+06
728467.72,700793.9489000002,697137.94
1928016.01,1704123.6317999999,1.7869861e+06
722496.93,847460.9581000009,805608.5
1303726.54,1276779.7725999998,1.3146092e+06
1702220.96,1465954.8688000003,1.5510971e+06
756527.64,697679.4179999998,691249.8
1022704.2,1081108.4424,1.0593512e+06
1780443.36,1607523.3009000001,1.7564292e+06
1199309.59,1331261.7790000006,1.4792611e+06
615026.15,557389.9030999998,586760.3
425296.65,439916.8781999999,483348.44
1379783.21,1387122.4877999988,1.3411471e+06
1060906.75,1099380.3243000004,1.0338439e+06
1272809.11,1229880.1387000005,1.2233235e+06
926250.21,418516.59680000006,844886.94
895274.72,838450.6197000002,964802.1
282545.55,370362.0129,368975.3
522665.04,515165.74759999965,523066.84
397428.22,484651.7169999999,412411.62
1724669.75,1497657.5059,1.4270479e+06
945318.47,1051845.3280000002,1.0209887e+06
1464462.85,1356293.8380999994,1.2593051e+06
247672.56,286863.8032000001,359409.56
535537.03,599282.9813999997,568596.75
718232.26,794888.6613000002,751507.75
2005341.43,1745247.8889999997,1.5936976e+06
1876788.15,1660980.8984999997,1.7595546e+06
412449.67,432594.9962,413556.16
2125241.68,2202843.0481000007,2.2829898e+06
320831.36,389544.6059000002,486028.62
1501095.49,1567577.5112999997,1.480985e+06
609099.37,641104.6956,654477.6
936373.65,884719.3074999996,958042.8
572887.78,608910.1939000001,610533.4
802003.61,705842.9742999998,756111.56
1764984.15,1906511.1941000007,1.8492529e+06
1048101.39,1030459.3172999999,1.0437676e+06
2059458.25,2079202.4971,1.9512149e+06
1621841.33,1662096.7201000005,1.7028509e+06
606210.77,631724.7158000002,674553.94
551152.15,545690.6564000002,553482.94
924299.78,902123.6481000003,904938.2
1145840.91,962247.3289999993,1.02667994e+06
1544653.37,1248734.5342999997,1.4268318e+06
1409515.73,931432.4661999998,1.1335851e+06
598234.64,675839.5946000001,700795.8
1494122.38,1631049.0596999994,1.6695665e+06
337985.74,337579.8391000002,358975.03
1227118.75,1370654.1386999998,1.4899106e+06
545844.91,546088.1296999998,534704.06
439132.5,415649.5697999999,458303.94
1373651.49,1348472.7175999996,1.343106e+06
1183979.27,1272153.2082000005,1.1485448e+06
237129.81,255432.81920000009,281317.16
933487.71,474016.23409999994,1.0025949e+06
931278.97,800103.5101999999,850470.6
282647.48,342093.5872000001,352530.0
538344.1,514588.0544999997,524938.0
424904.95,478220.3253999999,413102.94
1710923.94,1501391.8782000006,1.4619116e+06
987264.67,1062163.0717000002,1.02536756e+06
1360517.52,1358162.1190999993,1.2404385e+06
504760.57,589765.9285999998,570303.3
593141.29,684339.1394999999,666330.56
339490.69,305307.3476999998,286296.84
734297.87,803281.4971000004,768104.56
1582083.4,1406086.8800000006,1.3165008e+06
1731935.43,1834946.9772000008,1.6958961e+06
1053495.51,1171252.5814000003,1.076155e+06
408838.73,444809.6786,535281.5
714828.73,786422.5198999998,872004.75
2081181.35,2054819.9330999993,2.013529e+06
1577439.81,1525487.5548999999,1.0893714e+06
586467.16,955505.4988999997,1.0632582e+06
976137.73,959116.2277000003,1.0065623e+06
576879.15,619535.3845,621446.9
1650285.54,1842738.1565,1.9097581e+06
1372872.35,1130383.8166999994,1.2724874e+06
1061943.49,1039830.3380999996,1.0574196e+06
2073855.42,2071417.6565000003,1.9386491e+06
1947083.3,1822072.2199999995,1.8214136e+06
1613342.19,1586896.3932000003,1.7573965e+06
551837.31,645651.7308000001,496789.3
865924.2,950202.3200000012,892736.9
1117097.23,1040139.3321999994,1.127331e+06
1542719.87,1252793.3673000003,1.4848941e+06
2062481.56,2117091.341899999,2.0468475e+06
763867.59,866439.6470000002,774577.6
1022270.86,1011290.8331000002,1.03298594e+06
1577468.78,1484152.1357999998,1.4694768e+06
1344558.92,1270857.485,1.2511621e+06
610185.32,617297.5146000003,799246.94
344642.01,602345.0363999999,744655.4
1427162.26,1250380.0541999992,1.3701314e+06
408229.73,389726.52009999973,405942.5
1469693.99,1376377.0989999992,1.4705028e+06
540811.85,550149.1214999998,530435.6
433565.77,432425.2432,474645.2
1358111.62,1398916.7090999992,1.3475236e+06
1126685.95,1244330.1206000007,1.0910785e+06
286428.78,285992.18440000014,286190.44
976415.56,492512.35719999974,1.00066575e+06
984833.35,815957.4945999997,860871.56
1840955.23,1735421.8294000009,1.7344041e+06
293728.57,438808.5294999997,467543.8
490274.82,585161.8770999997,505426.53
1609811.75,1445826.5577,1.4036319e+06
1088248.4,1017671.0813000005,1.0553566e+06
1392143.82,1339626.1991999997,1.26195e+06
617405.35,587840.1005,568865.75
663814.18,675818.2300999996,696016.2
338737.33,306967.0859999999,288094.8
766512.66,803329.0207000002,789541.25
526838.14,514638.3993999999,474786.84
1081874.03,1059304.9017000005,981993.25
671482.9,688371.9149000001,671830.25
1477134.75,1271024.796,1.2940354e+06
2125104.72,2179633.481999999,2.0770521e+06
350648.91,382173.9262000002,463741.94
1608077.01,1399904.764400001,1.3865306e+06
597876.55,637563.4332000001,609304.94
932160.37,897548.3023999997,917020.3
565812.29,605101.4672000002,612092.75
1708283.28,1832753.9077999985,1.9274478e+06
1304584.4,1119057.9050000003,1.2603821e+06
955146.04,1040635.8801999995,1.0557266e+06
2165796.31,2092727.5,1.9327441e+06
1904512.34,1646869.1787000003,1.8509338e+06
587259.82,596289.3057000003,613156.6
537138.58,561660.9566000005,539866.25
1255633.29,1022620.421500001,911658.1
1083521.24,1029580.5875000007,1.03008006e+06
1497073.82,1258402.2514000002,1.4202e+06
2080529.06,2034859.366999999,2.1987252e+06
642827.29,852633.4317000001,791962.2
996628.8,1016752.6616000008,1.0528668e+06
1898777.07,1857349.495700001,1.8022244e+06
1661767.33,1646511.104799999,1.5932966e+06
1242909.53,1375444.4109000002,1.3111859e+06
1814806.63,1858573.5990999998,1.862555e+06
628494.63,885719.5776000003,724669.1
2047949.98,2059814.0646000002,2.177e+06
1370653.41,1538328.3019999997,1.430387e+06
960476.1,1164965.5942999998,1.0835785e+06
1071040.22,943388.9957000008,847511.06
526525.16,548898.7967999999,582208.25
527509.76,625079.9134000003,605422.56
1554794.22,1758340.1176000007,1.570614e+06
918049.28,1073943.6983999996,1.01176894e+06
1919917.03,2025206.4146999994,1.8962421e+06
1267675.05,838056.4468999999,1.1515408e+06
1640168.99,1936001.4830999994,1.8535055e+06
523427.35,665190.0489000002,760186.5
883569.38,945259.2238000005,965616.2
541120.2,565089.3977000003,524993.25
1375166.86,1408250.7541000003,1.3311191e+06
299800.67,334455.5233,360078.1
2117854.6,2071060.0855999992,2.0256381e+06
885892.37,1023020.3040999998,1.0305978e+06
407589.16,466559.1295999999,434419.78
1279041.64,1282525.8982999998,1.4101751e+06
986131.94,1009002.5281000003,954856.94
347726.67,310117.6814999998,347026.34
625196.94,626629.8434999998,648805.9
586737.66,584044.3133,610386.56
1306644.25,1294859.922399999,1.2094245e+06
901709.82,996304.0603,1.00386256e+06
1447614.08,1472507.6008000001,1.3708844e+06
430944.39,511375.3250999999,376906.7
514651.74,514347.52160000004,527733.9
657241.63,715370.3563999996,708226.2
301893.63,324510.1326000002,352781.62
955211.7,407501.1675,923778.1
277417.53,280151.8222000002,361712.56
1156377.47,1234067.6003,1.0670835e+06
1327705.44,1361126.6327999993,1.3400984e+06
437773.31,423141.27989999996,430903.34
475127.18,545398.5785999997,470055.28
1124660.77,1320604.1454999996,1.3652962e+06
1519604.5,1603953.37,1.5772106e+06
821568.64,814565.3880000004,842519.9
702238.27,763451.4910000004,759250.0
1517428.87,1509985.0188,1.5057484e+06
414392.09,391008.05539999984,365169.4
664745.2,795441.0329999999,698855.6
961084.08,990216.0234999999,971349.56
1557485.75,1654105.5212000005,1.5733001e+06
1135340.19,1481105.2712000003,1.4185466e+06
489079.23,552418.0688999996,544473.06
443891.64,425167.8781999999,451985.28
1373064.87,1343687.9692,1.2543331e+06
1159119.6,1237226.3756000001,1.0480152e+06
252709.58,403294.2975,362081.6
943047.78,602607.0351999997,962504.6
772302.94,783971.9718000002,802304.4
293804.45,342804.30900000007,344131.03
521320.98,516289.62710000016,509248.6
409600.98,545698.4483999996,428367.38
1555672.51,1470949.4412000002,1.4076685e+06
899768.4,994988.8246999999,1.00224456e+06
1276609.36,1269416.2451000002,1.2164192e+06
527165.7,618805.0593999998,539622.9
601990.02,639135.1217,653076.75
1261158.47,1246680.448,1.2186389e+06
1829415.67,1763828.5470999992,1.6917091e+06
1506126.06,1622143.5923999993,1.551744e+06
1338627.55,1513098.6418999997,1.4653842e+06
2119438.53,2171088.358999999,2.10176e+06
307306.76,401576.33949999994,423546.88
1425603.65,1398792.7614000011,1.2859944e+06
530842.25,574752.9672000002,582137.25
857796.45,876697.4285999999,906694.56
533756.88,575076.1112,555366.44
1671857.57,1793599.2395999988,1.8112606e+06
1326132.98,1113994.1055,1.2504655e+06
922735.37,1058271.2663999998,1.0322652e+06
1938379.66,2080595.2511000005,1.8709052e+06
1565352.46,1518421.5732999996,1.5992451e+06
533161.64,594986.6042000003,568742.44
509942.56,527222.9692000002,575754.75
938303.28,908061.6336000003,854842.4
971386.65,953227.2762000001,951309.56
1338572.29,1191407.2785999998,1.3440849e+06
2028587.24,1980721.0078000003,1.9314402e+06
667151.46,776658.2327000005,785760.25
921612.53,1028765.8217999998,1.0025635e+06
723086.2,769138.9339000003,764559.56
336017.6,354647.67299999984,343179.62
1437059.26,1556867.3532000002,1.4660262e+06
1927664.11,1900285.3082999992,1.6177972e+06
647097.65,690658.4740999998,853380.75
2008350.58,1996385.6100000003,2.0863754e+06
1002856.2,1061973.0432,973064.1
972716.24,938315.8009000006,821431.94
469607.73,533459.6215,582202.3
553901.97,605863.1808999999,573758.2
1522512.2,1785734.4360999996,1.3671005e+06
880415.67,965988.1778999998,880966.7
1227430.73,1089334.3943000003,1.1551569e+06
1694862.41,1965434.4927999987,1.8310922e+06
516361.06,625977.0671999998,603466.3
884724.41,927965.7731000005,939255.06
525545.76,562995.9031000002,519156.06
1369131.46,1409889.2911,1.2827468e+06
310141.68,333406.8564,351085.9
2027620.23,2070296.3095999989,2.019292e+06
389813.02,389040.9920999997,377128.72
1746470.56,1752243.8343999994,1.739436e+06
713173.95,829016.6780000003,754092.8
976479.51,1048512.9156999999,1.0018309e+06
1319035.06,1282416.3185,1.293138e+06
1338299.02,1197375.1971999998,1.3061414e+06
683300.84,681185.8024999999,704489.4
355307.94,336521.7182999998,301650.0
577792.32,634083.5091999999,635539.94
505978.46,605986.8629999999,590919.44
1307928.01,1299025.2159,1.2209992e+06
919595.44,982313.7651999996,998592.8
1495607.07,1468906.1143999994,1.3823092e+06
1259278.36,1374871.8595000003,1.2658126e+06
527953.14,601299.2353999998,562297.75
270677.98,391871.1105999999,419518.1
814099.86,790858.0148000002,806599.7
398468.08,544511.1034999996,426514.9
242813.51,401104.7125000002,386924.22
928629.31,544386.4004,916298.8
1540687.63,1566737.4103,1.5145979e+06
1129508.61,1477272.4197,1.4597982e+06
489674.23,568818.3605999995,543436.7
964726.37,954011.8602999996,981331.4
1279080.58,1425311.3852,1.3868391e+06
1157111.15,1280267.7233,1.1297695e+06
425410.04,458176.2033000003,500120.72
1422794.26,1081422.2144,1.2535916e+06
1408016.1,1207395.1966,1.3340586e+06
1092204.79,1027276.9555000004,1.0272006e+06
952609.17,945512.1293000005,937293.44
471281.68,521419.4504,585825.6
573498.64,586468.1877000001,602476.0
1687592.16,1847557.0340999996,1.4677382e+06
2041918.74,1919991.4929999996,1.7396686e+06
979825.92,1713421.9368000003,998382.25
1758971.38,2006233.2885999985,1.8988978e+06
733455.07,888680.9566000007,802069.5
976436.02,973809.1026000004,960518.94
505830.56,577659.4404000002,675438.44
1518177.71,1514027.5867999997,1.5296226e+06
343048.29,343142.7336000001,370911.12
2209835.43,2142860.0242000003,2.1594178e+06
443557.65,412696.42219999974,408512.88
1998321.04,1772406.1796999997,1.9317545e+06
1670785.97,1613687.436799999,1.6801215e+06
2246411.89,1932954.1075000004,2.1310835e+06
606755.3,812008.6175999999,856432.06
651768.91,975069.9548999999,806115.3
642614.89,691336.8494,688178.9
1464616.59,1261330.8493000001,1.2588241e+06
593162.53,638040.0505999998,615259.44
1400160.95,1343093.9439000005,1.2743085e+06
1069112.0,1116743.2255000002,1.0778678e+06
1574408.67,1510903.738,1.4393238e+06
458479.01,530507.4183999996,373133.7
546122.37,596202.8611000001,536373.6
277137.86,331132.38139999984,392288.12
866064.4,810569.1674000003,831883.56
968896.68,535594.7862000001,918134.1
265444.9,398209.6014,383566.47
1202775.24,1192230.0579000004,1.092106e+06
1363365.05,1433234.8086999988,1.3802461e+06
446751.45,432598.24620000005,471177.56
520632.8,563238.1421999995,570970.6
1462941.03,1511075.8358999998,1.4718515e+06
1591816.88,1703610.8330000003,1.6746704e+06
1095504.26,1004628.4287000002,1.00082744e+06
699536.73,706880.0151000001,725626.75
1416720.54,1307008.9263,1.3123434e+06
1009887.36,1064228.7569000004,1.0525888e+06
337390.44,348809.2481999997,363903.03
1573072.81,1528386.4636,1.5043871e+06
1999079.44,2026348.8789999988,1.9492708e+06
1004039.84,1003643.4177999998,1.0046458e+06
653043.44,872495.4634,816302.9
1352809.5,1371034.9163999995,1.4367115e+06
1074079.0,1034593.1948000006,1.0135889e+06
919878.34,944028.8771000003,925255.4
491817.19,505403.35740000027,438945.66
551799.63,581763.7751,591824.5
1639585.61,1828751.2737999996,1.420238e+06
934917.47,1272194.6953999996,984674.5
1311965.09,1085366.8317999998,1.1581965e+06
1713889.11,1912268.8968999996,1.8337389e+06
558464.8,596763.7119,639409.0
927511.99,930906.3853000003,973649.5
503463.93,560361.7944000002,514019.94
1459396.84,1385126.6450000005,1.360052e+06
325345.41,333726.1938,364954.9
2133026.07,2103742.9244999997,2.0400309e+06
410804.39,394783.41419999977,374852.53
1900745.13,1771276.7000999993,1.7702189e+06
1412925.25,1453853.8869,1.3534816e+06
1416301.17,1401116.5316999995,1.2955411e+06
2162951.36,2060323.100799999,2.1810118e+06
1044639.69,1230409.6795000003,1.069459e+06
734464.36,884309.0861000004,816552.3
337796.13,339435.0072999999,444680.97
619369.72,743963.5849999998,657436.0
612379.9,617738.2444000003,672397.6
1409544.97,1275851.4072999994,1.2491842e+06
982523.26,1073260.1956,1.00641e+06
697317.41,708224.2087999999,705952.1
437320.66,591580.6835999998,699327.2
521810.75,523102.9169000001,512417.44
300236.85,325265.5808999999,371570.38
1494417.07,1452027.3502000005,1.3873656e+06
1660081.29,1700176.9801000005,1.6638776e+06
948613.39,534133.2832,880593.9
291781.15,470397.2120999998,547143.94
1176681.31,1219998.0765,1.238604e+06
1401113.42,1424523.7603999996,1.365735e+06
434593.26,434969.3349000001,468651.12
513737.0,580220.1147999996,566806.75
1205536.71,1429198.9414,1.4436851e+06
873643.14,775617.0039000004,785614.25
516909.24,599276.4362999997,533497.2
1143724.48,1443279.5369999993,1.4340041e+06
1620374.24,1712098.5631000004,1.656801e+06
975578.02,979530.8236000005,958022.7
978027.95,1093353.6023000001,1.0575499e+06
1255414.84,1306651.4447999997,1.2749562e+06
1363155.77,1264689.4244,1.3160486e+06
437537.29,456740.91920000047,508998.8
685531.85,747087.6239,767764.75
1378730.45,1401709.2693999994,1.3774044e+06
1048706.75,1029053.1455000001,995928.8
254412.34,402914.7670999997,611465.2
963516.28,594073.7827,1.0538585e+06
829284.67,788179.6251000002,792033.7
287360.05,342541.2845,344374.53
551969.1,523093.46030000015,510667.6
428806.46,556809.7503999998,643018.9
1577486.33,1470058.7348,1.4236058e+06
918170.5,996909.8698000002,1.019757e+06
1326197.24,1290471.4940000004,1.2271036e+06
641368.14,708512.6699,812029.1
1199292.06,1201198.9978000002,1.1956106e+06
1999363.49,1969441.3624000016,1.9608809e+06
541406.98,614097.5670000002,627118.4
623919.23,688857.3734000002,684160.3
718125.53,778108.3195999999,810569.06
323766.77,352312.61409999983,430810.38
1508068.77,1472109.1923000002,1.36768e+06
1847990.41,1754908.1519999993,1.7342884e+06
424513.08,404651.5382999999,390281.1
1321102.35,1393143.4590999994,1.5628655e+06
313358.15,365627.1679999999,542171.75
1436883.99,1403775.2255000004,1.3476044e+06
516424.83,572701.2524000001,447864.1
2097266.85,2079995.066500001,1.8893865e+06
542009.46,629207.1895999998,653884.2
900309.75,908281.1077000007,954668.25
577198.97,528492.0014999999,555805.7
555652.77,577161.8282,584097.4
1590274.72,1804959.2129000002,1.4209515e+06
957356.84,971918.1270999995,942287.3
960945.43,1420077.3215999997,1.01252206e+06
1232073.18,1122118.9628,1.1779774e+06
1734834.82,1889459.4312999991,1.858367e+06
2018010.15,2053257.3187999995,1.9498661e+06
1703047.74,1875745.4673,1.8691221e+06
1213860.61,1521911.8876999996,1.5856648e+06
534970.68,870875.0807000003,686778.1
439424.5,508686.90680000006,517089.7
1340232.55,1374964.5741000006,1.3669438e+06
1219979.29,1266305.7221000004,1.1356228e+06
253731.13,400406.7322000001,597377.44
956987.81,610824.2430000001,1.0561975e+06
865137.6,821717.9335999999,790318.4
1834458.35,1698317.0966999992,1.6276574e+06
534738.43,565247.5780000001,465567.62
417290.38,597484.0987999996,692543.06
1569502.0,1465662.8943999994,1.4835256e+06
921264.52,1017593.3829000008,1.0341736e+06
1316542.59,1288830.8075999997,1.2326201e+06
514756.08,622116.791,627837.8
587603.55,753774.0369999999,663384.0
361067.07,355977.1695999999,463509.53
958619.8,1009856.2518000006,956393.9
760281.43,791786.3759,755888.56
272489.41,331610.37320000003,341094.12
688940.94,691821.8210999998,695240.25
1704357.62,1100905.3201000001,1.195362e+06
1347454.59,1240762.0063,1.2917359e+06
405432.7,404754.4183999999,384110.34
2149594.46,2227454.442299999,2.1073418e+06
319550.77,381940.4060000002,444769.0
1431426.34,1519670.5883000004,1.4787259e+06
495543.28,578261.4508,572225.44
891671.44,868804.6655,946710.7
549731.49,595926.8656000001,565526.3
1744349.05,1808691.1753999996,1.857962e+06
1200729.45,1088126.8598,1.1837765e+06
974697.6,1397764.171199999,1.04276844e+06
2035189.66,2112373.911799999,1.9529738e+06
558473.6,610241.2201000002,685381.8
475770.14,524096.83289999986,563272.0
943465.29,938260.4597000002,944801.9
1127516.25,1049497.4635000003,993023.5
1322117.96,1222451.7346999994,1.3747104e+06
2031650.55,1958574.9430000004,1.9719348e+06
675202.87,839657.8974000004,784803.1
1094422.69,1005733.9532000006,1.02928344e+06
1307182.29,1395286.8298000004,1.2883266e+06
1493659.74,1537652.1642999998,1.4988588e+06
